T[ms],LC1[g]
0,8
2,11
4,16
6,16
8,18
10,10
12,9
14,11
16,13
18,13
20,16
22,12
24,21
26,12
28,12
30,12
32,12
34,7
36,14
38,15
40,15
42,22
44,13
46,7
48,6
50,8
52,8
54,14
56,16
58,21
60,14
62,11
64,10
66,13
68,12
70,4
72,12
74,18
76,18
78,5
80,12
82,14
84,9
86,10
88,11
90,20
92,17
94,8
96,6
98,6
100,16
102,12
104,12
106,15
108,18
110,16
112,10
114,5
116,14
118,13
120,13
122,10
124,23
126,21
128,11
130,9
132,15
134,9
136,12
138,9
140,18
142,21
144,12
146,4
148,10
150,9
152,13
154,12
156,16
158,11
160,15
162,13
164,10
166,9
168,12
170,14
172,15
174,19
176,17
178,11
180,8
182,10
184,9
186,17
188,12
190,20
192,16
194,9
196,8
198,12
200,13
202,10
204,16
206,16
208,20
210,18
212,10
214,6
216,15
218,12
220,13
222,17
224,20
226,17
228,7
230,7
232,9
234,6
236,10
238,13
240,19
242,26
244,16
246,9
248,7
250,13
252,12
254,10
256,19
258,21
260,13
262,7
264,10
266,13
268,13
270,17
272,8
274,20
276,16
278,6
280,8
282,11
284,13
286,9
288,13
290,22
292,17
294,14
296,9
298,3
300,14
302,14
304,10
306,17
308,18
310,13
312,13
314,9
316,14
318,11
320,15
322,19
324,22
326,22
328,16
330,7
332,11
334,11
336,14
338,14
340,19
342,18
344,17
346,7
348,5
350,11
352,9
354,14
356,8
358,15
360,15
362,7
364,8
366,9
368,9
370,12
372,16
374,21
376,14
378,5
380,8
382,8
384,16
386,10
388,15
390,22
392,10
394,9
396,6
398,13
400,8
402,17
404,13
406,20
408,21
410,13
412,11
414,9
416,12
418,12
420,15
422,15
424,21
426,18
428,11
430,4
432,9
434,14
436,13
438,10
440,19
442,22
444,10
446,8
448,14
450,12
452,12
454,12
456,16
458,19
460,14
462,10
464,9
466,11
468,16
470,9
472,11
474,18
476,19
478,12
480,6
482,14
484,12
486,11
488,13
490,24
492,20
494,10
496,7
498,10
500,11
502,12
504,14
506,14
508,20
510,9
512,7
514,3
516,11
518,10
520,13
522,15
524,19
526,16
528,11
530,6
532,6
534,9
536,13
538,11
540,20
542,16
544,11
546,5
548,6
550,12
552,15
554,10
556,19
558,18
560,14
562,10
564,11
566,10
568,11
570,12
572,13
574,20
576,17
578,11
580,14
582,9
584,11
586,11
588,11
590,18
592,20
594,13
596,5
598,10
600,9
602,15
604,12
606,18
608,18
610,16
612,10
614,9
616,16
618,14
620,13
622,16
624,21
626,17
628,12
630,5
632,11
634,12
636,13
638,10
640,16
642,18
644,16
646,5
648,6
650,9
652,9
654,15
656,15
658,20
660,15
662,8
664,9
666,16
668,15
670,8
672,12
674,16
676,18
678,12
680,7
682,14
684,10
686,15
688,17
690,20
692,23
694,16
696,5
698,10
700,13
702,12
704,10
706,19
708,22
710,12
712,13
714,12
716,12
718,13
720,12
722,13
724,17
726,17
728,9
730,8
732,6
734,13
736,14
738,14
740,16
742,19
744,13
746,5
748,11
750,13
752,11
754,11
756,17
758,19
760,14
762,9
764,7
766,12
768,8
770,13
772,17
774,23
776,17
778,14
780,5
782,7
784,13
786,16
788,14
790,23
792,17
794,15
796,4
798,15
800,12
802,17
804,17
806,16
808,16
810,17
812,13
814,7
816,13
818,11
820,16
822,8
824,18
826,24
828,13
830,8
832,11
834,12
836,15
838,11
840,17
842,18
844,10
846,4
848,13
850,11
852,14
854,14
856,18
858,15
860,12
862,4
864,8
866,17
868,13
870,12
872,11
874,18
876,21
878,17
880,3
882,9
884,6
886,16
888,15
890,15
892,18
894,14
896,10
898,6
900,14
902,17
904,9
906,17
908,22
910,16
912,10
914,12
916,10
918,16
920,16
922,8
924,18
926,18
928,12
930,8
932,7
934,13
936,11
938,13
940,19
942,19
944,7
946,10
948,5
950,11
952,9
954,15
956,15
958,22
960,15
962,12
964,6
966,14
968,14
970,16
972,14
974,17
976,18
978,12
980,6
982,11
984,9
986,8
988,20
990,15
992,19
994,14
996,7
998,5
1000,18
1002,14
1004,13
1006,14
1008,22
1010,17
1012,4
1014,5
1016,8
1018,10
1020,13
1022,7
1024,18
1026,18
1028,11
1030,8
1032,11
1034,9
1036,15
1038,12
1040,17
1042,18
1044,13
1046,12
1048,9
1050,9
1052,15
1054,15
1056,17
1058,20
1060,12
1062,11
1064,13
1066,9
1068,18
1070,13
1072,22
1074,20
1076,15
1078,8
1080,10
1082,8
1084,16
1086,14
1088,11
1090,15
1092,20
1094,15
1096,5
1098,10
1100,16
1102,15
1104,16
1106,12
1108,20
1110,18
1112,14
1114,8
1116,13
1118,9
1120,10
1122,11
1124,16
1126,17
1128,9
1130,6
1132,8
1134,11
1136,7
1138,14
1140,15
1142,20
1144,9
1146,9
1148,11
1150,8
1152,9
1154,14
1156,17
1158,19
1160,14
1162,11
1164,10
1166,11
1168,14
1170,14
1172,14
1174,19
1176,19
1178,12
1180,7
1182,16
1184,12
1186,11
1188,10
1190,20
1192,17
1194,9
1196,9
1198,12
1200,12
1202,12
1204,10
1206,11
1208,21
1210,12
1212,8
1214,5
1216,11
1218,18
1220,5
1222,14
1224,23
1226,20
1228,10
1230,4
1232,10
1234,13
1236,13
1238,14
1240,17
1242,21
1244,15
1246,5
1248,5
1250,13
1252,10
1254,11
1256,13
1258,18
1260,16
1262,7
1264,7
1266,15
1268,14
1270,9
1272,10
1274,16
1276,18
1278,14
1280,7
1282,12
1284,14
1286,9
1288,11
1290,18
1292,18
1294,13
1296,9
1298,2
1300,10
1302,9
1304,14
1306,12
1308,14
1310,17
1312,9
1314,8
1316,12
1318,16
1320,12
1322,12
1324,21
1326,18
1328,11
1330,10
1332,7
1334,14
1336,12
1338,12
1340,19
1342,19
1344,12
1346,7
1348,11
1350,14
1352,10
1354,14
1356,19
1358,25
1360,17
1362,10
1364,10
1366,11
1368,16
1370,14
1372,18
1374,22
1376,14
1378,12
1380,3
1382,9
1384,14
1386,16
1388,15
1390,20
1392,19
1394,18
1396,6
1398,12
1400,14
1402,9
1404,13
1406,17
1408,18
1410,22
1412,10
1414,8
1416,9
1418,13
1420,10
1422,11
1424,17
1426,23
1428,14
1430,9
1432,17
1434,16
1436,19
1438,10
1440,15
1442,16
1444,16
1446,10
1448,14
1450,16
1452,9
1454,14
1456,18
1458,17
1460,17
1462,9
1464,3
1466,15
1468,11
1470,12
1472,15
1474,20
1476,14
1478,10
1480,8
1482,15
1484,13
1486,12
1488,12
1490,13
1492,14
1494,16
1496,10
1498,10
1500,13
1502,14
1504,9
1506,13
1508,21
1510,14
1512,7
1514,13
1516,15
1518,14
1520,14
1522,15
1524,21
1526,20
1528,13
1530,10
1532,11
1534,12
1536,10
1538,13
1540,17
1542,15
1544,16
1546,11
1548,9
1550,14
1552,10
1554,12
1556,13
1558,21
1560,15
1562,10
1564,11
1566,16
1568,18
1570,12
1572,16
1574,19
1576,20
1578,13
1580,9
1582,6
1584,15
1586,13
1588,11
1590,19
1592,20
1594,16
1596,10
1598,10
1600,10
1602,15
1604,13
1606,20
1608,23
1610,13
1612,6
1614,7
1616,10
1618,10
1620,12
1622,9
1624,23
1626,19
1628,11
1630,9
1632,6
1634,11
1636,9
1638,16
1640,20
1642,19
1644,17
1646,6
1648,2
1650,14
1652,10
1654,15
1656,20
1658,20
1660,14
1662,10
1664,3
1666,12
1668,13
1670,14
1672,11
1674,18
1676,13
1678,13
1680,7
1682,10
1684,10
1686,7
1688,13
1690,18
1692,17
1694,14
1696,10
1698,10
1700,15
1702,13
1704,10
1706,10
1708,20
1710,20
1712,7
1714,8
1716,9
1718,12
1720,13
1722,12
1724,17
1726,16
1728,16
1730,10
1732,9
1734,10
1736,13
1738,8
1740,22
1742,19
1744,10
1746,9
1748,7
1750,17
1752,13
1754,10
1756,9
1758,20
1760,10
1762,9
1764,8
1766,6
1768,10
1770,13
1772,14
1774,23
1776,14
1778,13
1780,9
1782,14
1784,14
1786,17
1788,14
1790,20
1792,18
1794,18
1796,11
1798,13
1800,9
1802,8
1804,14
1806,11
1808,18
1810,14
1812,9
1814,13
1816,12
1818,15
1820,14
1822,10
1824,25
1826,19
1828,11
1830,7
1832,11
1834,14
1836,10
1838,15
1840,16
1842,18
1844,13
1846,7
1848,8
1850,18
1852,12
1854,14
1856,15
1858,20
1860,16
1862,14
1864,8
1866,10
1868,13
1870,6
1872,14
1874,19
1876,19
1878,11
1880,5
1882,10
1884,11
1886,10
1888,12
1890,16
1892,16
1894,9
1896,10
1898,9
1900,14
1902,17
1904,11
1906,14
1908,20
1910,13
1912,8
1914,5
1916,12
1918,15
1920,13
1922,12
1924,23
1926,22
1928,12
1930,8
1932,7
1934,11
1936,15
1938,12
1940,16
1942,19
1944,9
1946,8
1948,9
1950,9
1952,5
1954,11
1956,11
1958,21
1960,17
1962,9
1964,11
1966,12
1968,10
1970,13
1972,18
1974,22
1976,14
1978,12
1980,7
1982,7
1984,11
1986,9
1988,15
1990,22
1992,21
1994,17
1996,4
1998,4
2000,9
2002,10
2004,16
2006,16
2008,22
2010,11
2012,10
2014,9
2016,10
2018,11
2020,13
2022,14
2024,20
2026,17
2028,7
2030,11
2032,12
2034,11
2036,10
2038,13
2040,16
2042,17
2044,11
2046,7
2048,8
2050,15
2052,12
2054,10
2056,15
2058,18
2060,22
2062,8
2064,7
2066,4
2068,16
2070,15
2072,9
2074,24
2076,17
2078,15
2080,7
2082,9
2084,12
2086,18
2088,7
2090,23
2092,18
2094,15
2096,7
2098,8
2100,10
2102,12
2104,11
2106,17
2108,24
2110,14
2112,9
2114,6
2116,9
2118,13
2120,13
2122,9
2124,21
2126,12
2128,11
2130,5
2132,6
2134,11
2136,15
2138,6
2140,17
2142,17
2144,13
2146,0
2148,7
2150,10
2152,11
2154,15
2156,16
2158,19
2160,10
2162,6
2164,6
2166,14
2168,16
2170,12
2172,17
2174,21
2176,13
2178,14
2180,9
2182,11
2184,13
2186,13
2188,8
2190,17
2192,17
2194,14
2196,6
2198,7
2200,5
2202,14
2204,14
2206,16
2208,19
2210,15
2212,8
2214,8
2216,12
2218,11
2220,16
2222,13
2224,18
2226,20
2228,12
2230,5
2232,7
2234,15
2236,9
2238,16
2240,21
2242,20
2244,19
2246,10
2248,5
2250,16
2252,14
2254,8
2256,14
2258,15
2260,17
2262,13
2264,8
2266,11
2268,9
2270,12
2272,10
2274,17
2276,8
2278,13
2280,10
2282,7
2284,14
2286,14
2288,11
2290,19
2292,21
2294,17
2296,4
2298,14
2300,12
2302,13
2304,14
2306,19
2308,19
2310,20
2312,7
2314,8
2316,9
2318,8
2320,15
2322,16
2324,18
2326,17
2328,10
2330,10
2332,10
2334,10
2336,9
2338,13
2340,15
2342,23
2344,12
2346,9
2348,6
2350,10
2352,14
2354,11
2356,16
2358,19
2360,15
2362,6
2364,10
2366,9
2368,9
2370,10
2372,17
2374,22
2376,20
2378,10
2380,8
2382,7
2384,12
2386,9
2388,7
2390,16
2392,14
2394,16
2396,6
2398,8
2400,11
2402,13
2404,8
2406,14
2408,17
2410,15
2412,9
2414,7
2416,9
2418,15
2420,12
2422,10
2424,22
2426,13
2428,12
2430,6
2432,7
2434,10
2436,19
2438,11
2440,15
2442,20
2444,14
2446,5
2448,10
2450,9
2452,14
2454,16
2456,13
2458,17
2460,16
2462,12
2464,9
2466,13
2468,11
2470,11
2472,14
2474,21
2476,16
2478,10
2480,8
2482,7
2484,13
2486,7
2488,11
2490,21
2492,18
2494,10
2496,8
2498,14
2500,15
2502,16
2504,16
2506,12
2508,19
2510,12
2512,13
2514,8
2516,12
2518,7
2520,11
2522,13
2524,24
2526,16
2528,13
2530,12
2532,8
2534,12
2536,11
2538,12
2540,17
2542,20
2544,13
2546,9
2548,10
2550,15
2552,12
2554,14
2556,12
2558,21
2560,21
2562,10
2564,8
2566,12
2568,8
2570,11
2572,10
2574,17
2576,19
2578,15
2580,11
2582,11
2584,12
2586,9
2588,10
2590,22
2592,22
2594,17
2596,10
2598,2
2600,7
2602,12
2604,9
2606,16
2608,22
2610,14
2612,6
2614,4
2616,11
2618,15
2620,9
2622,16
2624,13
2626,18
2628,15
2630,5
2632,12
2634,15
2636,17
2638,13
2640,23
2642,18
2644,11
2646,6
2648,4
2650,13
2652,14
2654,15
2656,14
2658,18
2660,18
2662,16
2664,8
2666,13
2668,10
2670,10
2672,14
2674,17
2676,15
2678,13
2680,11
2682,9
2684,10
2686,14
2688,16
2690,17
2692,18
2694,15
2696,2
2698,7
2700,7
2702,12
2704,14
2706,12
2708,23
2710,25
2712,8
2714,7
2716,4
2718,11
2720,13
2722,19
2724,18
2726,22
2728,11
2730,8
2732,16
2734,10
2736,13
2738,14
2740,11
2742,17
2744,13
2746,11
2748,6
2750,8
2752,12
2754,13
2756,16
2758,22
2760,20
2762,14
2764,6
2766,11
2768,15
2770,7
2772,14
2774,17
2776,25
2778,16
2780,2
2782,9
2784,13
2786,14
2788,7
2790,15
2792,24
2794,15
2796,5
2798,6
2800,12
2802,12
2804,16
2806,11
2808,14
2810,11
2812,13
2814,8
2816,10
2818,11
2820,15
2822,9
2824,18
2826,20
2828,12
2830,8
2832,12
2834,11
2836,14
2838,13
2840,17
2842,15
2844,12
2846,7
2848,11
2850,12
2852,11
2854,10
2856,12
2858,21
2860,15
2862,11
2864,8
2866,12
2868,11
2870,10
2872,14
2874,17
2876,20
2878,14
2880,6
2882,8
2884,9
2886,16
2888,14
2890,16
2892,18
2894,12
2896,5
2898,12
2900,11
2902,13
2904,8
2906,18
2908,24
2910,15
2912,7
2914,3
2916,12
2918,12
2920,14
2922,11
2924,25
2926,13
2928,13
2930,5
2932,10
2934,13
2936,13
2938,11
2940,14
2942,22
2944,14
2946,4
2948,6
2950,11
2952,12
2954,12
2956,16
2958,22
2960,17
2962,13
2964,2
2966,11
2968,9
2970,13
2972,13
2974,21
2976,20
2978,13
2980,6
2982,7
2984,12
2986,13
2988,18
2990,15
2992,22
2994,14
2996,11
2998,7
3000,13
3002,12
3004,17
3006,18
3008,26
3010,19
3012,8
3014,10
3016,14
3018,10
3020,13
3022,8
3024,18
3026,14
3028,15
3030,8
3032,14
3034,9
3036,17
3038,17
3040,15
3042,21
3044,14
3046,9
3048,7
3050,14
3052,11
3054,11
3056,15
3058,22
3060,17
3062,11
3064,6
3066,10
3068,13
3070,10
3072,12
3074,19
3076,25
3078,13
3080,10
3082,7
3084,10
3086,9
3088,12
3090,14
3092,21
3094,11
3096,5
3098,7
3100,13
3102,10
3104,12
3106,13
3108,19
3110,18
3112,10
3114,12
3116,16
3118,10
3120,13
3122,9
3124,19
3126,20
3128,10
3130,8
3132,10
3134,15
3136,11
3138,12
3140,19
3142,21
3144,15
3146,5
3148,7
3150,12
3152,10
3154,14
3156,17
3158,21
3160,16
3162,12
3164,9
3166,13
3168,11
3170,9
3172,12
3174,26
3176,15
3178,12
3180,3
3182,8
3184,17
3186,11
3188,15
3190,20
3192,20
3194,20
3196,8
3198,6
3200,9
3202,16
3204,11
3206,14
3208,20
3210,18
3212,16
3214,6
3216,8
3218,15
3220,16
3222,15
3224,20
3226,19
3228,13
3230,9
3232,6
3234,9
3236,14
3238,14
3240,17
3242,20
3244,15
3246,8
3248,5
3250,14
3252,8
3254,12
3256,20
3258,18
3260,14
3262,13
3264,3
3266,11
3268,8
3270,14
3272,15
3274,18
3276,16
3278,13
3280,3
3282,10
3284,12
3286,13
3288,17
3290,14
3292,19
3294,23
3296,10
3298,7
3300,10
3302,12
3304,7
3306,16
3308,15
3310,21
3312,8
3314,7
3316,11
3318,11
3320,12
3322,13
3324,20
3326,23
3328,11
3330,7
3332,5
3334,12
3336,7
3338,11
3340,16
3342,15
3344,16
3346,6
3348,3
3350,13
3352,9
3354,14
3356,15
3358,15
3360,18
3362,13
3364,7
3366,8
3368,15
3370,11
3372,11
3374,21
3376,19
3378,7
3380,6
3382,18
3384,10
3386,8
3388,12
3390,20
3392,20
3394,15
3396,12
3398,11
3400,12
3402,12
3404,13
3406,15
3408,23
3410,16
3412,10
3414,6
3416,15
3418,13
3420,15
3422,6
3424,20
3426,21
3428,18
3430,10
3432,4
3434,8
3436,13
3438,11
3440,19
3442,22
3444,10
3446,2
3448,8
3450,10
3452,10
3454,11
3456,18
3458,19
3460,13
3462,9
3464,2
3466,9
3468,11
3470,13
3472,10
3474,21
3476,16
3478,16
3480,10
3482,8
3484,8
3486,13
3488,6
3490,23
3492,22
3494,16
3496,8
3498,4
3500,6
3502,14
3504,17
3506,15
3508,18
3510,13
3512,7
3514,6
3516,13
3518,9
3520,11
3522,9
3524,13
3526,17
3528,12
3530,7
3532,8
3534,5
3536,13
3538,14
3540,18
3542,19
3544,12
3546,8
3548,11
3550,10
3552,10
3554,12
3556,14
3558,21
3560,16
3562,16
3564,8
3566,8
3568,16
3570,15
3572,9
3574,20
3576,16
3578,14
3580,14
3582,7
3584,14
3586,15
3588,12
3590,19
3592,16
3594,16
3596,7
3598,5
3600,16
3602,10
3604,11
3606,12
3608,23
3610,22
3612,14
3614,5
3616,11
3618,12
3620,14
3622,11
3624,21
3626,19
3628,17
3630,6
3632,10
3634,10
3636,16
3638,12
3640,11
3642,20
3644,6
3646,10
3648,9
3650,18
3652,14
3654,10
3656,22
3658,14
3660,18
3662,10
3664,4
3666,10
3668,16
3670,10
3672,13
3674,21
3676,19
3678,17
3680,7
3682,15
3684,12
3686,13
3688,12
3690,14
3692,20
3694,17
3696,11
3698,7
3700,12
3702,12
3704,11
3706,11
3708,18
3710,17
3712,6
3714,12
3716,14
3718,10
3720,10
3722,11
3724,11
3726,17
3728,9
3730,10
3732,14
3734,14
3736,9
3738,12
3740,12
3742,18
3744,19
3746,8
3748,10
3750,11
3752,10
3754,11
3756,17
3758,22
3760,18
3762,14
3764,5
3766,9
3768,14
3770,16
3772,12
3774,17
3776,21
3778,14
3780,9
3782,7
3784,10
3786,13
3788,12
3790,15
3792,19
3794,15
3796,12
3798,12
3800,13
3802,11
3804,10
3806,16
3808,19
3810,18
3812,10
3814,10
3816,9
3818,15
3820,17
3822,9
3824,17
3826,17
3828,15
3830,10
3832,11
3834,13
3836,13
3838,7
3840,21
3842,14
3844,14
3846,5
3848,7
3850,9
3852,9
3854,16
3856,12
3858,19
3860,21
3862,12
3864,7
3866,8
3868,13
3870,9
3872,9
3874,22
3876,17
3878,14
3880,9
3882,12
3884,9
3886,13
3888,10
3890,11
3892,21
3894,13
3896,9
3898,5
3900,8
3902,10
3904,13
3906,11
3908,20
3910,18
3912,10
3914,6
3916,10
3918,13
3920,14
3922,11
3924,20
3926,12
3928,13
3930,10
3932,12
3934,12
3936,14
3938,17
3940,15
3942,16
3944,18
3946,5
3948,7
3950,16
3952,14
3954,15
3956,12
3958,17
3960,19
3962,9
3964,8
3966,11
3968,15
3970,13
3972,11
3974,16
3976,18
3978,15
3980,6
3982,11
3984,14
3986,16
3988,14
3990,18
3992,20
3994,15
3996,7
3998,6
4000,12
4002,16
4004,5
4006,9
4008,18
4010,16
4012,12
4014,5
4016,7
4018,10
4020,16
4022,8
4024,18
4026,18
4028,16
4030,7
4032,10
4034,16
4036,12
4038,15
4040,14
4042,18
4044,18
4046,10
4048,9
4050,11
4052,10
4054,8
4056,12
4058,19
4060,16
4062,7
4064,6
4066,12
4068,10
4070,13
4072,11
4074,16
4076,18
4078,13
4080,6
4082,8
4084,12
4086,10
4088,19
4090,9
4092,19
4094,10
4096,6
4098,6
4100,13
4102,12
4104,15
4106,8
4108,19
4110,17
4112,12
4114,7
4116,12
4118,15
4120,9
4122,12
4124,17
4126,19
4128,16
4130,8
4132,8
4134,9
4136,12
4138,12
4140,14
4142,18
4144,15
4146,7
4148,8
4150,12
4152,12
4154,11
4156,16
4158,21
4160,20
4162,14
4164,9
4166,6
4168,11
4170,19
4172,11
4174,18
4176,18
4178,16
4180,9
4182,4
4184,9
4186,13
4188,7
4190,14
4192,25
4194,15
4196,10
4198,11
4200,10
4202,15
4204,10
4206,14
4208,20
4210,15
4212,14
4214,6
4216,10
4218,11
4220,18
4222,10
4224,16
4226,21
4228,14
4230,8
4232,11
4234,13
4236,10
4238,10
4240,16
4242,21
4244,12
4246,8
4248,3
4250,14
4252,13
4254,10
4256,13
4258,25
4260,18
4262,13
4264,8
4266,12
4268,10
4270,16
4272,17
4274,17
4276,18
4278,17
4280,7
4282,9
4284,15
4286,15
4288,17
4290,16
4292,24
4294,16
4296,12
4298,6
4300,10
4302,18
4304,14
4306,12
4308,23
4310,17
4312,7
4314,1
4316,5
4318,10
4320,15
4322,11
4324,16
4326,28
4328,15
4330,5
4332,16
4334,7
4336,12
4338,13
4340,20
4342,19
4344,15
4346,10
4348,14
4350,8
4352,10
4354,15
4356,20
4358,20
4360,19
4362,10
4364,5
4366,15
4368,12
4370,11
4372,9
4374,21
4376,18
4378,15
4380,6
4382,6
4384,13
4386,11
4388,9
4390,8
4392,18
4394,15
4396,13
4398,7
4400,8
4402,10
4404,15
4406,13
4408,15
4410,17
4412,12
4414,5
4416,14
4418,12
4420,10
4422,11
4424,15
4426,14
4428,11
4430,4
4432,6
4434,9
4436,15
4438,5
4440,15
4442,19
4444,15
4446,7
4448,5
4450,12
4452,14
4454,10
4456,11
4458,23
4460,12
4462,7
4464,9
4466,14
4468,17
4470,13
4472,11
4474,15
4476,18
4478,20
4480,13
4482,10
4484,12
4486,15
4488,13
4490,15
4492,20
4494,14
4496,11
4498,9
4500,8
4502,10
4504,7
4506,17
4508,22
4510,16
4512,15
4514,6
4516,11
4518,10
4520,13
4522,12
4524,14
4526,22
4528,15
4530,12
4532,7
4534,14
4536,15
4538,11
4540,15
4542,20
4544,11
4546,9
4548,8
4550,10
4552,12
4554,17
4556,13
4558,21
4560,13
4562,6
4564,4
4566,7
4568,14
4570,12
4572,12
4574,16
4576,18
4578,14
4580,7
4582,9
4584,10
4586,11
4588,13
4590,21
4592,19
4594,15
4596,7
4598,11
4600,9
4602,14
4604,9
4606,15
4608,19
4610,18
4612,12
4614,5
4616,11
4618,12
4620,9
4622,9
4624,17
4626,18
4628,13
4630,8
4632,9
4634,11
4636,8
4638,10
4640,12
4642,18
4644,17
4646,10
4648,8
4650,8
4652,15
4654,12
4656,14
4658,22
4660,11
4662,9
4664,7
4666,13
4668,15
4670,15
4672,12
4674,11
4676,20
4678,17
4680,7
4682,10
4684,15
4686,12
4688,6
4690,15
4692,18
4694,15
4696,9
4698,1
4700,14
4702,13
4704,12
4706,11
4708,22
4710,22
4712,7
4714,6
4716,9
4718,11
4720,13
4722,10
4724,15
4726,14
4728,19
4730,7
4732,2
4734,12
4736,11
4738,11
4740,18
4742,20
4744,19
4746,15
4748,9
4750,12
4752,11
4754,13
4756,8
4758,24
4760,20
4762,13
4764,6
4766,12
4768,14
4770,12
4772,10
4774,18
4776,24
4778,17
4780,9
4782,5
4784,12
4786,13
4788,15
4790,11
4792,20
4794,11
4796,8
4798,5
4800,10
4802,8
4804,11
4806,15
4808,20
4810,19
4812,9
4814,9
4816,7
4818,10
4820,15
4822,8
4824,16
4826,18
4828,8
4830,8
4832,6
4834,18
4836,14
4838,13
4840,16
4842,21
4844,13
4846,9
4848,11
4850,12
4852,12
4854,16
4856,8
4858,19
4860,16
4862,18
4864,4
4866,12
4868,17
4870,15
4872,12
4874,19
4876,14
4878,12
4880,9
4882,10
4884,9
4886,12
4888,13
4890,16
4892,18
4894,15
4896,7
4898,5
4900,14
4902,8
4904,8
4906,14
4908,16
4910,19
4912,9
4914,6
4916,12
4918,18
4920,13
4922,13
4924,18
4926,21
4928,12
4930,13
4932,7
4934,17
4936,17
4938,18
4940,16
4942,21
4944,13
4946,13
4948,6
4950,11
4952,13
4954,8
4956,12
4958,23
4960,15
4962,14
4964,9
4966,12
4968,7
4970,13
4972,11
4974,19
4976,20
4978,9
4980,7
4982,11
4984,14
4986,20
4988,14
4990,12
4992,25
4994,15
4996,7
4998,10
5000,11
5002,8
5004,10
5006,14
5008,21
5010,23
5012,9
5014,7
5016,4
5018,7
5020,18
5022,13
5024,16
5026,20
5028,9
5030,4
5032,9
5034,14
5036,9
5038,15
5040,17
5042,26
5044,16
5046,10
5048,7
5050,12
5052,15
5054,13
5056,16
5058,17
5060,16
5062,13
5064,7
5066,10
5068,14
5070,13
5072,16
5074,17
5076,20
5078,14
5080,11
5082,8
5084,13
5086,12
5088,17
5090,12
5092,20
5094,16
5096,9
5098,7
5100,8
5102,10
5104,12
5106,14
5108,21
5110,13
5112,13
5114,3
5116,9
5118,12
5120,12
5122,11
5124,12
5126,19
5128,18
5130,7
5132,10
5134,9
5136,12
5138,17
5140,18
5142,19
5144,16
5146,9
5148,7
5150,15
5152,11
5154,16
5156,16
5158,18
5160,15
5162,19
5164,3
5166,13
5168,11
5170,10
5172,14
5174,18
5176,21
5178,11
5180,7
5182,8
5184,10
5186,11
5188,11
5190,14
5192,21
5194,15
5196,9
5198,6
5200,13
5202,10
5204,7
5206,12
5208,19
5210,19
5212,10
5214,3
5216,4
5218,16
5220,10
5222,9
5224,16
5226,21
5228,17
5230,6
5232,7
5234,10
5236,11
5238,9
5240,18
5242,22
5244,15
5246,9
5248,8
5250,7
5252,9
5254,11
5256,10
5258,23
5260,16
5262,19
5264,5
5266,9
5268,9
5270,7
5272,17
5274,20
5276,19
5278,15
5280,11
5282,13
5284,8
5286,11
5288,12
5290,15
5292,23
5294,11
5296,8
5298,7
5300,12
5302,6
5304,9
5306,12
5308,15
5310,17
5312,11
5314,10
5316,9
5318,13
5320,18
5322,16
5324,14
5326,22
5328,13
5330,7
5332,5
5334,9
5336,7
5338,11
5340,12
5342,19
5344,15
5346,10
5348,8
5350,13
5352,8
5354,10
5356,14
5358,22
5360,18
5362,11
5364,3
5366,11
5368,12
5370,11
5372,17
5374,16
5376,16
5378,10
5380,8
5382,6
5384,6
5386,8
5388,20
5390,13
5392,16
5394,13
5396,12
5398,8
5400,9
5402,10
5404,16
5406,15
5408,16
5410,21
5412,10
5414,3
5416,10
5418,11
5420,11
5422,11
5424,12
5426,20
5428,15
5430,12
5432,8
5434,7
5436,13
5438,12
5440,17
5442,21
5444,19
5446,8
5448,4
5450,10
5452,13
5454,11
5456,18
5458,23
5460,18
5462,10
5464,8
5466,10
5468,8
5470,9
5472,12
5474,16
5476,15
5478,15
5480,8
5482,9
5484,10
5486,14
5488,11
5490,16
5492,18
5494,17
5496,12
5498,13
5500,13
5502,14
5504,5
5506,12
5508,13
5510,20
5512,15
5514,10
5516,9
5518,10
5520,12
5522,13
5524,19
5526,22
5528,19
5530,13
5532,12
5534,10
5536,13
5538,13
5540,17
5542,15
5544,15
5546,9
5548,10
5550,13
5552,18
5554,14
5556,14
5558,14
5560,17
5562,15
5564,12
5566,7
5568,8
5570,10
5572,9
5574,14
5576,21
5578,13
5580,8
5582,10
5584,15
5586,12
5588,14
5590,18
5592,18
5594,15
5596,7
5598,10
5600,16
5602,8
5604,12
5606,11
5608,17
5610,23
5612,9
5614,5
5616,6
5618,13
5620,16
5622,18
5624,18
5626,16
5628,14
5630,7
5632,8
5634,16
5636,17
5638,10
5640,17
5642,21
5644,19
5646,10
5648,11
5650,7
5652,10
5654,11
5656,13
5658,21
5660,14
5662,13
5664,5
5666,11
5668,13
5670,12
5672,10
5674,13
5676,15
5678,14
5680,3
5682,6
5684,12
5686,10
5688,15
5690,14
5692,24
5694,17
5696,12
5698,6
5700,8
5702,17
5704,12
5706,13
5708,17
5710,18
5712,14
5714,3
5716,8
5718,12
5720,13
5722,8
5724,17
5726,24
5728,13
5730,9
5732,6
5734,11
5736,15
5738,10
5740,17
5742,18
5744,19
5746,6
5748,10
5750,9
5752,9
5754,13
5756,8
5758,12
5760,18
5762,5
5764,4
5766,13
5768,5
5770,15
5772,16
5774,22
5776,21
5778,12
5780,8
5782,8
5784,17
5786,14
5788,14
5790,14
5792,24
5794,13
5796,13
5798,9
5800,10
5802,16
5804,12
5806,14
5808,21
5810,20
5812,16
5814,9
5816,11
5818,8
5820,5
5822,18
5824,18
5826,14
5828,11
5830,15
5832,6
5834,14
5836,9
5838,18
5840,16
5842,21
5844,15
5846,13
5848,9
5850,8
5852,16
5854,13
5856,11
5858,18
5860,19
5862,15
5864,5
5866,11
5868,9
5870,13
5872,6
5874,10
5876,18
5878,19
5880,12
5882,10
5884,11
5886,11
5888,12
5890,15
5892,22
5894,16
5896,15
5898,1
5900,7
5902,16
5904,8
5906,16
5908,16
5910,18
5912,14
5914,3
5916,12
5918,13
5920,15
5922,10
5924,14
5926,22
5928,11
5930,9
5932,9
5934,9
5936,7
5938,12
5940,11
5942,21
5944,18
5946,9
5948,4
5950,9
5952,14
5954,11
5956,13
5958,24
5960,18
5962,12
5964,3
5966,7
5968,15
5970,16
5972,13
5974,16
5976,21
5978,14
5980,8
5982,9
5984,9
5986,11
5988,16
5990,17
5992,24
5994,16
5996,10
5998,7
6000,7
6002,17
6004,12
6006,9
6008,18
6010,14
6012,9
6014,7
6016,6
6018,11
6020,19
6022,14
6024,16
6026,14
6028,13
6030,7
6032,11
6034,13
6036,12
6038,11
6040,18
6042,18
6044,14
6046,12
6048,10
6050,14
6052,13
6054,12
6056,10
6058,20
6060,17
6062,15
6064,5
6066,9
6068,12
6070,16
6072,9
6074,19
6076,17
6078,12
6080,10
6082,11
6084,13
6086,11
6088,8
6090,18
6092,19
6094,23
6096,12
6098,5
6100,7
6102,10
6104,13
6106,9
6108,21
6110,15
6112,11
6114,9
6116,10
6118,14
6120,10
6122,11
6124,19
6126,16
6128,13
6130,15
6132,8
6134,14
6136,16
6138,10
6140,15
6142,20
6144,18
6146,9
6148,10
6150,12
6152,13
6154,10
6156,14
6158,21
6160,20
6162,11
6164,3
6166,7
6168,12
6170,15
6172,16
6174,21
6176,21
6178,9
6180,10
6182,7
6184,8
6186,11
6188,12
6190,10
6192,21
6194,16
6196,13
6198,6
6200,12
6202,13
6204,16
6206,6
6208,21
6210,21
6212,13
6214,9
6216,12
6218,10
6220,11
6222,12
6224,16
6226,23
6228,18
6230,5
6232,4
6234,12
6236,11
6238,7
6240,15
6242,18
6244,19
6246,15
6248,6
6250,10
6252,13
6254,12
6256,10
6258,19
6260,15
6262,14
6264,8
6266,9
6268,13
6270,12
6272,14
6274,18
6276,22
6278,17
6280,4
6282,10
6284,19
6286,11
6288,18
6290,15
6292,20
6294,16
6296,10
6298,8
6300,10
6302,14
6304,14
6306,17
6308,18
6310,23
6312,14
6314,9
6316,6
6318,11
6320,11
6322,14
6324,17
6326,25
6328,11
6330,12
6332,10
6334,12
6336,15
6338,10
6340,17
6342,19
6344,17
6346,7
6348,5
6350,11
6352,12
6354,13
6356,12
6358,16
6360,16
6362,13
6364,8
6366,9
6368,7
6370,17
6372,13
6374,13
6376,21
6378,14
6380,12
6382,4
6384,10
6386,14
6388,11
6390,13
6392,21
6394,15
6396,7
6398,7
6400,9
6402,13
6404,16
6406,12
6408,20
6410,22
6412,12
6414,7
6416,8
6418,12
6420,10
6422,13
6424,19
6426,18
6428,13
6430,10
6432,5
6434,5
6436,14
6438,13
6440,9
6442,18
6444,16
6446,14
6448,7
6450,14
6452,12
6454,15
6456,12
6458,23
6460,21
6462,12
6464,8
6466,8
6468,12
6470,18
6472,12
6474,15
6476,16
6478,16
6480,5
6482,5
6484,12
6486,14
6488,12
6490,11
6492,21
6494,13
6496,9
6498,3
6500,11
6502,10
6504,14
6506,13
6508,20
6510,21
6512,14
6514,8
6516,10
6518,11
6520,12
6522,9
6524,17
6526,20
6528,15
6530,10
6532,10
6534,12
6536,18
6538,13
6540,15
6542,22
6544,16
6546,14
6548,4
6550,16
6552,10
6554,10
6556,13
6558,16
6560,18
6562,7
6564,4
6566,9
6568,10
6570,10
6572,18
6574,13
6576,21
6578,16
6580,9
6582,4
6584,13
6586,8
6588,13
6590,20
6592,21
6594,22
6596,15
6598,6
6600,10
6602,8
6604,15
6606,13
6608,20
6610,18
6612,10
6614,1
6616,9
6618,12
6620,12
6622,9
6624,16
6626,22
6628,20
6630,5
6632,9
6634,12
6636,10
6638,14
6640,16
6642,20
6644,16
6646,12
6648,2
6650,14
6652,15
6654,12
6656,11
6658,14
6660,16
6662,13
6664,6
6666,12
6668,11
6670,10
6672,14
6674,11
6676,18
6678,9
6680,12
6682,13
6684,14
6686,7
6688,14
6690,16
6692,19
6694,14
6696,7
6698,7
6700,11
6702,15
6704,7
6706,13
6708,21
6710,17
6712,13
6714,7
6716,11
6718,16
6720,11
6722,11
6724,20
6726,18
6728,17
6730,6
6732,1
6734,10
6736,16
6738,14
6740,17
6742,17
6744,21
6746,10
6748,5
6750,12
6752,15
6754,8
6756,9
6758,17
6760,19
6762,7
6764,7
6766,9
6768,14
6770,11
6772,12
6774,15
6776,23
6778,14
6780,8
6782,5
6784,11
6786,18
6788,12
6790,15
6792,18
6794,22
6796,12
6798,7
6800,9
6802,13
6804,12
6806,12
6808,18
6810,17
6812,13
6814,12
6816,12
6818,10
6820,12
6822,10
6824,16
6826,19
6828,17
6830,4
6832,8
6834,7
6836,12
6838,18
6840,15
6842,18
6844,15
6846,13
6848,0
6850,10
6852,8
6854,9
6856,13
6858,12
6860,24
6862,10
6864,8
6866,5
6868,12
6870,13
6872,15
6874,15
6876,20
6878,13
6880,11
6882,6
6884,7
6886,9
6888,12
6890,11
6892,25
6894,17
6896,8
6898,5
6900,8
6902,14
6904,11
6906,9
6908,21
6910,13
6912,15
6914,4
6916,11
6918,10
6920,12
6922,12
6924,13
6926,19
6928,12
6930,9
6932,11
6934,11
6936,12
6938,11
6940,13
6942,20
6944,18
6946,12
6948,13
6950,7
6952,10
6954,15
6956,13
6958,17
6960,21
6962,12
6964,11
6966,11
6968,16
6970,14
6972,10
6974,15
6976,23
6978,16
6980,10
6982,4
6984,16
6986,9
6988,11
6990,11
6992,23
6994,16
6996,11
6998,7
7000,11
7002,13
7004,9
7006,14
7008,20
7010,14
7012,13
7014,12
7016,10
7018,14
7020,20
7022,13
7024,12
7026,23
7028,18
7030,6
7032,2
7034,13
7036,16
7038,6
7040,12
7042,19
7044,16
7046,10
7048,6
7050,10
7052,12
7054,18
7056,10
7058,18
7060,21
7062,14
7064,8
7066,13
7068,15
7070,13
7072,10
7074,17
7076,17
7078,19
7080,14
7082,8
7084,9
7086,14
7088,7
7090,20
7092,18
7094,20
7096,12
7098,11
7100,8
7102,12
7104,10
7106,11
7108,15
7110,14
7112,12
7114,6
7116,12
7118,14
7120,12
7122,13
7124,14
7126,17
7128,18
7130,3
7132,11
7134,12
7136,10
7138,11
7140,13
7142,17
7144,16
7146,15
7148,7
7150,16
7152,9
7154,12
7156,10
7158,15
7160,19
7162,15
7164,7
7166,9
7168,14
7170,10
7172,10
7174,19
7176,19
7178,12
7180,11
7182,9
7184,8
7186,13
7188,6
7190,15
7192,20
7194,18
7196,7
7198,4
7200,8
7202,10
7204,15
7206,16
7208,20
7210,15
7212,15
7214,5
7216,10
7218,11
7220,7
7222,13
7224,14
7226,19
7228,12
7230,9
7232,6
7234,12
7236,10
7238,12
7240,19
7242,16
7244,17
7246,12
7248,8
7250,8
7252,14
7254,14
7256,15
7258,20
7260,22
7262,13
7264,10
7266,12
7268,13
7270,12
7272,9
7274,13
7276,19
7278,11
7280,5
7282,1
7284,12
7286,14
7288,13
7290,15
7292,22
7294,20
7296,10
7298,4
7300,10
7302,12
7304,13
7306,10
7308,18
7310,19
7312,13
7314,10
7316,6
7318,11
7320,7
7322,12
7324,17
7326,20
7328,14
7330,8
7332,8
7334,14
7336,12
7338,11
7340,14
7342,20
7344,16
7346,7
7348,8
7350,9
7352,12
7354,10
7356,15
7358,17
7360,21
7362,14
7364,7
7366,8
7368,11
7370,16
7372,14
7374,15
7376,23
7378,20
7380,7
7382,14
7384,11
7386,15
7388,12
7390,15
7392,23
7394,13
7396,10
7398,6
7400,9
7402,12
7404,12
7406,12
7408,14
7410,21
7412,7
7414,7
7416,12
7418,10
7420,8
7422,17
7424,12
7426,19
7428,16
7430,9
7432,7
7434,15
7436,14
7438,15
7440,12
7442,17
7444,16
7446,6
7448,13
7450,11
7452,15
7454,12
7456,15
7458,19
7460,19
7462,10
7464,4
7466,7
7468,14
7470,13
7472,14
7474,18
7476,19
7478,13
7480,6
7482,10
7484,8
7486,14
7488,10
7490,10
7492,18
7494,19
7496,9
7498,7
7500,14
7502,10
7504,10
7506,14
7508,18
7510,18
7512,12
7514,9
7516,7
7518,14
7520,15
7522,12
7524,12
7526,15
7528,13
7530,11
7532,7
7534,10
7536,12
7538,17
7540,14
7542,21
7544,18
7546,9
7548,2
7550,14
7552,10
7554,14
7556,9
7558,18
7560,14
7562,15
7564,5
7566,8
7568,9
7570,16
7572,16
7574,15
7576,19
7578,16
7580,12
7582,11
7584,8
7586,11
7588,10
7590,14
7592,21
7594,19
7596,13
7598,1
7600,9
7602,8
7604,14
7606,18
7608,18
7610,17
7612,12
7614,8
7616,12
7618,10
7620,11
7622,15
7624,24
7626,21
7628,19
7630,8
7632,9
7634,12
7636,10
7638,11
7640,15
7642,26
7644,16
7646,10
7648,8
7650,7
7652,9
7654,15
7656,7
7658,14
7660,17
7662,10
7664,6
7666,11
7668,12
7670,10
7672,9
7674,12
7676,17
7678,14
7680,9
7682,6
7684,13
7686,11
7688,14
7690,13
7692,23
7694,14
7696,10
7698,7
7700,9
7702,11
7704,12
7706,14
7708,20
7710,15
7712,13
7714,3
7716,6
7718,14
7720,12
7722,14
7724,12
7726,23
7728,12
7730,11
7732,8
7734,14
7736,9
7738,14
7740,16
7742,13
7744,17
7746,16
7748,5
7750,10
7752,15
7754,12
7756,13
7758,21
7760,21
7762,17
7764,9
7766,7
7768,13
7770,18
7772,16
7774,17
7776,16
7778,18
7780,9
7782,7
7784,10
7786,7
7788,8
7790,8
7792,18
7794,14
7796,12
7798,6
7800,12
7802,16
7804,12
7806,14
7808,19
7810,11
7812,19
7814,10
7816,4
7818,10
7820,12
7822,14
7824,20
7826,16
7828,19
7830,14
7832,6
7834,12
7836,13
7838,7
7840,13
7842,21
7844,17
7846,11
7848,8
7850,7
7852,10
7854,7
7856,17
7858,23
7860,16
7862,9
7864,7
7866,7
7868,11
7870,13
7872,9
7874,16
7876,20
7878,13
7880,9
7882,4
7884,13
7886,12
7888,12
7890,18
7892,21
7894,14
7896,8
7898,7
7900,7
7902,10
7904,15
7906,12
7908,17
7910,21
7912,13
7914,8
7916,3
7918,15
7920,13
7922,12
7924,11
7926,14
7928,20
7930,9
7932,9
7934,12
7936,9
7938,11
7940,13
7942,15
7944,15
7946,11
7948,10
7950,14
7952,14
7954,8
7956,11
7958,19
7960,18
7962,13
7964,7
7966,9
7968,12
7970,15
7972,13
7974,18
7976,21
7978,15
7980,6
7982,6
7984,20
7986,9
7988,11
7990,13
7992,19
7994,17
7996,16
7998,6
8000,7
8002,12
8004,14
8006,13
8008,18
8010,23
8012,14
8014,10
8016,11
8018,14
8020,12
8022,13
8024,11
8026,18
8028,17
8030,7
8032,7
8034,10
8036,10
8038,12
8040,11
8042,16
8044,19
8046,12
8048,9
8050,6
8052,12
8054,13
8056,12
8058,19
8060,23
8062,13
8064,8
8066,9
8068,9
8070,10
8072,14
8074,11
8076,17
8078,13
8080,7
8082,7
8084,13
8086,10
8088,9
8090,12
8092,20
8094,14
8096,15
8098,-1
8100,12
8102,16
8104,7
8106,15
8108,18
8110,17
8112,12
8114,12
8116,6
8118,12
8120,13
8122,16
8124,19
8126,19
8128,19
8130,9
8132,6
8134,11
8136,12
8138,10
8140,14
8142,20
8144,15
8146,12
8148,11
8150,11
8152,9
8154,13
8156,9
8158,21
8160,18
8162,20
8164,7
8166,9
8168,10
8170,16
8172,12
8174,16
8176,20
8178,13
8180,13
8182,7
8184,14
8186,8
8188,8
8190,10
8192,17
8194,19
8196,12
8198,7
8200,12
8202,13
8204,10
8206,5
8208,15
8210,24
8212,8
8214,8
8216,7
8218,14
8220,11
8222,9
8224,14
8226,20
8228,16
8230,16
8232,5
8234,15
8236,15
8238,12
8240,17
8242,23
8244,17
8246,10
8248,4
8250,8
8252,13
8254,8
8256,22
8258,21
8260,18
8262,13
8264,12
8266,8
8268,11
8270,11
8272,15
8274,15
8276,20
8278,18
8280,14
8282,12
8284,16
8286,10
8288,11
8290,13
8292,18
8294,18
8296,11
8298,8
8300,12
8302,12
8304,5
8306,12
8308,11
8310,23
8312,13
8314,11
8316,5
8318,12
8320,18
8322,16
8324,22
8326,20
8328,16
8330,12
8332,9
8334,12
8336,16
8338,7
8340,16
8342,16
8344,16
8346,13
8348,10
8350,10
8352,8
8354,10
8356,13
8358,16
8360,19
8362,16
8364,10
8366,10
8368,15
8370,16
8372,12
8374,8
8376,19
8378,16
8380,9
8382,8
8384,7
8386,15
8388,13
8390,12
8392,20
8394,14
8396,11
8398,4
8400,15
8402,14
8404,15
8406,10
8408,18
8410,22
8412,15
8414,7
8416,9
8418,17
8420,10
8422,10
8424,12
8426,21
8428,10
8430,10
8432,10
8434,9
8436,9
8438,16
8440,10
8442,16
8444,12
8446,10
8448,6
8450,10
8452,11
8454,16
8456,11
8458,16
8460,19
8462,16
8464,10
8466,9
8468,14
8470,7
8472,15
8474,17
8476,16
8478,11
8480,8
8482,8
8484,18
8486,12
8488,13
8490,16
8492,20
8494,14
8496,13
8498,11
8500,18
8502,11
8504,15
8506,13
8508,14
8510,20
8512,11
8514,8
8516,12
8518,14
8520,12
8522,9
8524,14
8526,22
8528,18
8530,10
8532,5
8534,9
8536,14
8538,13
8540,14
8542,18
8544,13
8546,13
8548,6
8550,9
8552,15
8554,14
8556,15
8558,18
8560,21
8562,11
8564,8
8566,12
8568,11
8570,10
8572,14
8574,20
8576,22
8578,16
8580,11
8582,9
8584,11
8586,17
8588,14
8590,11
8592,21
8594,18
8596,16
8598,5
8600,10
8602,8
8604,8
8606,9
8608,19
8610,17
8612,15
8614,4
8616,7
8618,7
8620,12
8622,12
8624,19
8626,20
8628,18
8630,13
8632,7
8634,9
8636,7
8638,12
8640,17
8642,25
8644,18
8646,17
8648,8
8650,9
8652,8
8654,11
8656,13
8658,21
8660,19
8662,18
8664,7
8666,3
8668,10
8670,8
8672,7
8674,14
8676,19
8678,18
8680,7
8682,8
8684,9
8686,12
8688,11
8690,16
8692,20
8694,16
8696,8
8698,7
8700,6
8702,9
8704,10
8706,13
8708,21
8710,18
8712,16
8714,14
8716,9
8718,14
8720,11
8722,10
8724,18
8726,21
8728,17
8730,10
8732,9
8734,14
8736,13
8738,15
8740,14
8742,18
8744,20
8746,14
8748,7
8750,12
8752,7
8754,14
8756,16
8758,18
8760,20
8762,11
8764,7
8766,10
8768,11
8770,14
8772,14
8774,9
8776,19
8778,13
8780,10
8782,8
8784,17
8786,11
8788,15
8790,13
8792,20
8794,21
8796,12
8798,5
8800,8
8802,10
8804,9
8806,8
8808,22
8810,19
8812,15
8814,11
8816,8
8818,13
8820,18
8822,14
8824,10
8826,22
8828,16
8830,10
8832,8
8834,11
8836,10
8838,12
8840,12
8842,14
8844,17
8846,12
8848,4
8850,6
8852,15
8854,11
8856,10
8858,16
8860,22
8862,16
8864,10
8866,5
8868,11
8870,13
8872,12
8874,14
8876,19
8878,19
8880,12
8882,7
8884,13
8886,13
8888,14
8890,15
8892,17
8894,16
8896,9
8898,0
8900,11
8902,9
8904,12
8906,12
8908,22
8910,18
8912,14
8914,6
8916,10
8918,18
8920,10
8922,12
8924,12
8926,18
8928,16
8930,5
8932,8
8934,9
8936,16
8938,14
8940,14
8942,19
8944,16
8946,14
8948,7
8950,12
8952,12
8954,11
8956,8
8958,13
8960,22
8962,13
8964,10
8966,9
8968,13
8970,7
8972,13
8974,14
8976,13
8978,14
8980,13
8982,1
8984,10
8986,16
8988,10
8990,11
8992,16
8994,13
8996,16
8998,5
9000,13
9002,16
9004,17
9006,12
9008,19
9010,16
9012,18
9014,8
9016,9
9018,12
9020,15
9022,16
9024,18
9026,17
9028,11
9030,11
9032,9
9034,8
9036,12
9038,15
9040,7
9042,17
9044,17
9046,13
9048,10
9050,11
9052,10
9054,17
9056,12
9058,18
9060,15
9062,12
9064,10
9066,5
9068,7
9070,10
9072,17
9074,14
9076,19
9078,16
9080,11
9082,9
9084,5
9086,10
9088,11
9090,16
9092,20
9094,18
9096,17
9098,5
9100,7
9102,12
9104,13
9106,12
9108,19
9110,23
9112,16
9114,4
9116,10
9118,10
9120,15
9122,7
9124,14
9126,21
9128,17
9130,14
9132,5
9134,10
9136,13
9138,11
9140,9
9142,17
9144,19
9146,12
9148,2
9150,7
9152,13
9154,10
9156,16
9158,16
9160,17
9162,11
9164,5
9166,9
9168,17
9170,15
9172,11
9174,14
9176,19
9178,12
9180,14
9182,11
9184,8
9186,12
9188,14
9190,13
9192,19
9194,17
9196,16
9198,7
9200,9
9202,12
9204,12
9206,6
9208,15
9210,24
9212,15
9214,11
9216,9
9218,14
9220,11
9222,12
9224,9
9226,21
9228,16
9230,10
9232,11
9234,10
9236,7
9238,8
9240,9
9242,17
9244,16
9246,14
9248,5
9250,6
9252,12
9254,9
9256,13
9258,17
9260,18
9262,13
9264,14
9266,9
9268,11
9270,16
9272,12
9274,8
9276,22
9278,16
9280,7
9282,12
9284,10
9286,10
9288,6
9290,8
9292,20
9294,18
9296,9
9298,10
9300,4
9302,8
9304,8
9306,11
9308,16
9310,22
9312,12
9314,6
9316,7
9318,9
9320,13
9322,12
9324,14
9326,12
9328,15
9330,6
9332,11
9334,15
9336,9
9338,13
9340,13
9342,19
9344,17
9346,17
9348,4
9350,9
9352,11
9354,11
9356,16
9358,14
9360,16
9362,13
9364,7
9366,10
9368,14
9370,12
9372,17
9374,11
9376,18
9378,14
9380,6
9382,10
9384,10
9386,11
9388,13
9390,11
9392,16
9394,19
9396,9
9398,5
9400,9
9402,13
9404,10
9406,12
9408,16
9410,19
9412,17
9414,8
9416,10
9418,13
9420,14
9422,17
9424,16
9426,18
9428,14
9430,15
9432,12
9434,8
9436,13
9438,12
9440,13
9442,16
9444,19
9446,10
9448,10
9450,11
9452,13
9454,11
9456,16
9458,13
9460,20
9462,14
9464,12
9466,11
9468,10
9470,4
9472,14
9474,13
9476,22
9478,18
9480,10
9482,14
9484,14
9486,11
9488,14
9490,15
9492,15
9494,16
9496,11
9498,10
9500,11
9502,11
9504,9
9506,10
9508,16
9510,14
9512,14
9514,9
9516,8
9518,6
9520,9
9522,9
9524,12
9526,20
9528,19
9530,10
9532,9
9534,11
9536,16
9538,12
9540,12
9542,19
9544,20
9546,11
9548,7
9550,10
9552,12
9554,15
9556,11
9558,16
9560,21
9562,19
9564,12
9566,9
9568,11
9570,13
9572,14
9574,14
9576,19
9578,13
9580,6
9582,16
9584,11
9586,14
9588,13
9590,10
9592,19
9594,18
9596,11
9598,6
9600,11
9602,12
9604,13
9606,8
9608,12
9610,23
9612,13
9614,7
9616,4
9618,9
9620,10
9622,15
9624,11
9626,20
9628,18
9630,8
9632,10
9634,13
9636,13
9638,9
9640,13
9642,20
9644,20
9646,12
9648,11
9650,10
9652,11
9654,16
9656,15
9658,17
9660,19
9662,8
9664,8
9666,15
9668,15
9670,10
9672,10
9674,15
9676,14
9678,17
9680,13
9682,12
9684,10
9686,7
9688,13
9690,11
9692,18
9694,20
9696,16
9698,12
9700,8
9702,11
9704,13
9706,13
9708,21
9710,17
9712,12
9714,10
9716,10
9718,6
9720,15
9722,14
9724,13
9726,23
9728,11
9730,14
9732,10
9734,15
9736,9
9738,13
9740,12
9742,18
9744,14
9746,10
9748,7
9750,8
9752,14
9754,14
9756,9
9758,14
9760,24
9762,14
9764,5
9766,10
9768,11
9770,7
9772,11
9774,13
9776,19
9778,10
9780,16
9782,8
9784,9
9786,15
9788,10
9790,17
9792,17
9794,16
9796,13
9798,6
9800,4
9802,12
9804,9
9806,16
9808,15
9810,17
9812,12
9814,6
9816,10
9818,7
9820,9
9822,16
9824,17
9826,14
9828,12
9830,13
9832,15
9834,10
9836,10
9838,14
9840,13
9842,15
9844,19
9846,12
9848,3
9850,10
9852,13
9854,7
9856,10
9858,11
9860,20
9862,15
9864,12
9866,11
9868,8
9870,9
9872,10
9874,13
9876,25
9878,15
9880,7
9882,12
9884,14
9886,8
9888,16
9890,15
9892,19
9894,18
9896,12
9898,8
9900,13
9902,11
9904,13
9906,14
9908,12
9910,18
9912,8
9914,11
9916,8
9918,12
9920,10
9922,15
9924,15
9926,14
9928,22
9930,6
9932,12
9934,11
9936,13
9938,13
9940,11
9942,14
9944,14
9946,14
9948,11
9950,9
9952,11
9954,15
9956,14
9958,16
9960,16
9962,12
9964,13
9966,13
9968,10
9970,9
9972,15
9974,13
9976,18
9978,15
9980,13
9982,10
9984,7
9986,12
9988,14
9990,12
9992,18
9994,12
9996,14
9998,8
10000,9
10002,9
10004,8
10006,13
10008,20
10010,19
10012,16
10014,11
10016,10
10018,14
10020,15
10022,13
10024,14
10026,19
10028,11
10030,15
10032,12
10034,11
10036,12
10038,14
10040,11
10042,18
10044,13
10046,12
10048,9
10050,12
10052,11
10054,12
10056,19
10058,17
10060,14
10062,17
10064,7
10066,3
10068,16
10070,16
10072,6
10074,14
10076,14
10078,13
10080,11
10082,7
10084,16
10086,12
10088,7
10090,12
10092,17
10094,13
10096,14
10098,9
10100,10
10102,7
10104,15
10106,8
10108,11
10110,12
10112,15
10114,11
10116,5
10118,12
10120,15
10122,12
10124,12
10126,16
10128,15
10130,12
10132,9
10134,13
10136,17
10138,17
10140,15
10142,18
10144,16
10146,15
10148,4
10150,10
10152,9
10154,9
10156,16
10158,10
10160,16
10162,17
10164,13
10166,10
10168,9
10170,9
10172,11
10174,10
10176,16
10178,17
10180,11
10182,13
10184,6
10186,12
10188,7
10190,13
10192,13
10194,17
10196,10
10198,9
